0,1,2
-7.557062511686939432e-01,-3.884094254038832073e-02,2.076015161924195940e-01
-1.128714266180755432e+00,7.290102032302955282e-01,-2.270186823150107003e+00
-1.501721553425551026e+00,1.496861243016023968e+00,5.944084059183754043e-01
-1.874729568437612404e+00,-1.291553228424303201e+00,-1.883379774208324697e+00
-2.247737583449673782e+00,-5.237028245483076327e-01,9.812414070398796095e-01
-2.620745234578102156e+00,2.441487451621981442e-01,-1.496559828784594703e+00
-2.993753249590163534e+00,1.012000950782436570e+00,1.368048296765835392e+00
2.738192861763737884e+00,-1.776415110432222333e+00,-1.109739883360864710e+00
2.365184846751676506e+00,-1.008563010796939441e+00,1.754855504923444443e+00
1.992177741448697414e+00,-2.407119710112109734e-01,-7.229199379371346046e-01
1.619169726436636036e+00,5.271389627895619601e-01,2.141688187613295380e+00
1.246161893366390938e+00,1.294988942725735726e+00,-3.361130482111787665e-01
8.731547880634118464e-01,-1.493423832955304009e+00,2.528495395770904430e+00
5.001467730513504684e-01,-7.255738530191302438e-01,5.071979369449895747e-02
1.271378483302067208e-01,4.227708078164267580e-02,-2.427081442129975120e+00
-2.458692569727723987e-01,8.101291804169257205e-01,4.375270018521077997e-01
-6.188772719848337767e-01,1.577978100503544701e+00,-2.040261496706245126e+00
-9.918852869968952657e-01,-1.210433615327940027e+00,8.243469472758377936e-01
-1.364892210358057856e+00,-4.425838473616773849e-01,-1.653441551282515354e+00
-1.737900225370119456e+00,3.252662385594518035e-01,1.211166892699567788e+00
-2.110908604265813615e+00,1.093120457893844266e+00,-1.266634502340733048e+00
-2.483916619277874993e+00,-1.695296769155325123e+00,1.597960726727749581e+00
-2.856923906522670809e+00,-9.274467892191513574e-01,-8.798081882839423606e-01
2.875022568714864057e+00,-1.595925698847588947e-01,1.984793727849253786e+00
2.502014007877352952e+00,6.082575160363702382e-01,-4.930076671910471053e-01
2.129007084516190584e+00,1.376107389987588414e+00,2.371613673272983558e+00
1.755999069504128984e+00,-1.412305491678406577e+00,-1.061811939184299641e-01
1.382991054492067606e+00,-6.444555117422328117e-01,-2.583969533260956464e+00
1.009983585305455511e+00,1.233944681939408566e-01,2.806385922894735763e-01
6.369755702933940222e-01,8.912486875283333054e-01,-2.197156115686113687e+00
2.639675552813326442e-01,1.659098667464506960e+00,6.674521690801430429e-01
-1.090406416725452354e-01,-1.129314214201488031e+00,-1.810342698111270687e+00
-4.820479289173408288e-01,-3.614642342653143214e-01,1.054272114503872926e+00
-8.550555800457693145e-01,4.063857456708593330e-01,-1.423522752687540693e+00
-1.228063958941463696e+00,1.174237845306142392e+00,1.441085691294542448e+00
-1.601071246186259289e+00,-1.614177156058961948e+00,-1.036702807263810699e+00
-1.974079625081953671e+00,-8.463271761227882939e-01,1.827905636718272442e+00
-2.347087640094014827e+00,-7.847295678839585897e-02,-6.498893896889677002e-01
-2.720094563455177639e+00,6.893770231477778232e-01,2.214718895077288696e+00
3.011850820131458217e+00,1.457229122783060937e+00,-2.630758128982982891e-01
2.638843532886662402e+00,-1.331185878582043403e+00,2.601532471867958218e+00
2.265836427583683310e+00,-5.633358986458698592e-01,1.237505011584923154e-01
1.892827320920723144e+00,2.045162009894132549e-01,-2.354050734665981803e+00
1.519820033675927551e+00,9.723683006246963689e-01,5.105640779491618098e-01
1.146812928372948459e+00,1.740216160861760564e+00,-1.967224261393364815e+00
7.738040036518047948e-01,-1.048196720804234428e+00,8.973741519916478282e-01
4.007967164070092014e-01,-2.803446211689513135e-01,-1.580410843818521816e+00
2.778942916221361151e-02,4.875031330831575138e-01,1.284200784480091562e+00
-3.452196775007465579e-01,1.255359578101614915e+00,-1.193597426243679038e+00
-7.182266008619092590e-01,-1.533057542962598996e+00,1.671014042839108038e+00
-1.091233888106704741e+00,-7.652054433273158818e-01,-8.067709529710618277e-01
-1.464242994769664907e+00,2.646656307967171565e-03,2.057827619629777338e+00
-1.837249918130827719e+00,7.704944105600760595e-01,-4.199575353962189395e-01
-2.210257569259256094e+00,1.538346616180314541e+00,2.444650749370037790e+00
-2.583266312038583479e+00,-1.250066265485680450e+00,-3.314411782137600959e-02
-2.956273235399746291e+00,-4.822184052486161443e-01,-2.510930865005637447e+00
2.775673785663237858e+00,2.856335884017114357e-01,3.536791711347108125e-01
2.402664497058461190e+00,1.053485794021949973e+00,-2.124117447430794670e+00
2.029657391755482099e+00,-1.734927087644045018e+00,7.404924294937272888e-01
1.656650286452503007e+00,-9.670792274069807126e-01,-1.737292566316442466e+00
1.283641361731359121e+00,-1.992271277716976818e-01,1.127306006284396700e+00
9.106342564283801400e-01,5.686248658786299259e-01,-1.350479944820732303e+00
5.376253317072363647e-01,1.336477071498868519e+00,1.514119583075066222e+00
1.646174986369914051e-01,-1.451940261535256349e+00,-9.636665272458893039e-01
-2.083896066659877144e-01,-6.840879499300622779e-01,1.900943986541938635e+00
-5.813987133289478804e-01,8.376404372026535761e-02,-5.768534281026993504e-01
-9.544056366901105815e-01,8.516161433555484717e-01,2.287757244900955111e+00
-1.327412560051273172e+00,1.619464003592612666e+00,-1.900285469883473966e-01
-1.700421666714233337e+00,-1.168948984058337803e+00,-2.667825802417159053e+00
-2.073428590075395928e+00,-4.010966724531437322e-01,1.967843929390159785e-01
-2.446435877320191743e+00,3.667510817989650951e-01,-2.281001398950286418e+00
-2.819444620099519128e+00,1.134607526817422274e+00,5.835979697296854729e-01
2.912501673196199015e+00,-1.653809806216702372e+00,-1.894187185296310805e+00
2.539494567893219923e+00,-8.859619459796380658e-01,9.704226916282109316e-01
2.166485643172076259e+00,-1.181098463443549518e-01,-1.507375359879733034e+00
1.793478537869097167e+00,6.497423592758835298e-01,1.357236268418880343e+00
1.420471432566118075e+00,1.417590113527992468e+00,-1.120550637981207576e+00
1.047462507844974411e+00,-1.370822768138002523e+00,1.744047934619631590e+00
6.744535831238306356e-01,-6.029706685027195201e-01,-7.337467733559556171e-01
3.014475694717502763e-01,1.648771917343447857e-01,2.130874567108075102e+00
-7.156135524939345738e-02,9.327292913696278998e-01,-3.469236436156952763e-01
-4.445693702614548770e-01,1.700581391004911014e+00,2.517674769769317589e+00
-8.175755658553517380e-01,-1.087835730059302897e+00,3.990267044109532812e-02
-1.190583580867413227e+00,-3.199836304240197826e-01,-2.437895221851022143e+00
-1.563593415297639178e+00,4.478727086094820287e-01,4.267031915339905557e-01
-1.936599610891535983e+00,1.215716223463372048e+00,-2.051072092110761691e+00
-2.309607625903597583e+00,-1.572692312819448768e+00,8.135298240224342337e-01
-2.682617460333823534e+00,-8.048402131841656537e-01,-1.664268386701336366e+00
3.049332653740040477e+00,-3.699235294710130628e-02,1.200352953762694463e+00
2.676322819309814083e+00,7.308554013050075904e-01,-1.277441913428719156e+00
2.303314804297752705e+00,1.498711846323464769e+00,1.587153474855589774e+00
1.930308790645672401e+00,-1.289705274740748919e+00,-8.906219680049891618e-01
1.557298956215446450e+00,-5.218576264735955705e-01,1.973979788912380462e+00
1.184290759261568571e+00,2.459989245298171978e-01,-5.038150782790332682e-01
8.112847456094882670e-01,1.013846678781926025e+00,2.360806102969171150e+00
4.382767305974268335e-01,-1.774561857500894790e+00,-1.169951328553032882e-01
6.526689616720079967e-02,-1.006713997263830374e+00,-2.594790000046717005e+00
-3.077374800085314610e-01,-2.388663489966770803e-01,2.698313404173138252e-01
-6.807473144387574671e-01,5.289902020067356325e-01,-2.207963526774099794e+00
-1.053755329450818845e+00,1.296837956258844571e+00,6.566318615102090250e-01
-1.426761525044715651e+00,-1.491579270790324818e+00,-1.821143581350369800e+00
-1.799771359474941823e+00,-7.237227197869119388e-01,1.043458175566999602e+00
-2.172779374487002979e+00,4.412503446519688149e-02,-1.434336532408587495e+00
-2.545785570080899785e+00,8.119727887173057157e-01,1.430284489623790289e+00
-2.918793221209328603e+00,1.579829233735763117e+00,-1.047516746200684024e+00
2.813151070726408687e+00,-1.208587993313406272e+00,1.817085010716685600e+00
2.440146876492492733e+00,-4.407401330763419112e-01,-6.606902729280668130e-01
2.067137042062266783e+00,3.271163119421153787e-01,2.203911643205129334e+00
1.694129027050205405e+00,1.094972756960572724e+00,-2.738897518351716132e-01
1.321122831456308599e+00,-1.693453054869989538e+00,2.590731588628859328e+00
9.481129970260825379e-01,-9.255967158364877267e-01,1.129432492863326060e-01
5.751049820140210489e-01,-1.577401648330749862e-01,-2.364858145753968355e+00
2.020987864201242157e-01,6.100988986526854063e-01,4.997631947100626415e-01
-1.709092285919371901e-01,1.377955343671142696e+00,-1.978038200330238139e+00
-5.439190630221631961e-01,-1.410453086626722641e+00,8.865700844360184796e-01
-9.169252586160600016e-01,-6.426054383595692920e-01,-1.591205199208733934e+00
-1.289933273628121491e+00,1.252424218774950693e-01,1.273390029859748473e+00
-1.662943108058347441e+00,8.930988668959523036e-01,-1.204411365180552362e+00
-2.035947120350446671e+00,1.660946621148061242e+00,1.660209975283478467e+00
-2.408957318664305625e+00,-1.127470499916152669e+00,-8.175783640590480461e-01
-2.781964969792734443e+00,-3.596141608826507463e-01,2.047016865009434472e+00
2.949982960979331992e+00,4.082336993544135595e-01,-4.307584186353180522e-01
2.576975127909086893e+00,1.176081559591477976e+00,2.433836810433164466e+00
2.203965293478860943e+00,-1.612327082676298318e+00,-4.395152890936224188e-02
1.830955459048634992e+00,-8.444705316728856603e-01,-2.521752764733836472e+00
1.457949263454738187e+00,-7.663136220216977545e-02,3.428684165143677798e-01
1.084943067860841381e+00,6.912249768313319942e-01,-2.134932819310106478e+00
7.119332334306153198e-01,1.459081421849789395e+00,7.296625689742024523e-01
3.389270378367184589e-01,-1.329344495965728346e+00,-1.748099977404428795e+00
-3.408279659350751944e-02,-5.614879449623155772e-01,1.116495251664053612e+00
-4.070889921874043527e-01,2.063685000561416849e-01,-1.361305984160420701e+00
-7.800951877813011581e-01,9.742162543082505399e-01,1.503315197087783606e+00
-1.153105022211527109e+00,1.742064008560359367e+00,-9.744729830389163849e-01
-1.526114856641753281e+00,-1.046344527722461448e+00,1.890122405245392434e+00
-1.899121052235650087e+00,-2.784966674853970869e-01,-5.876530376151863910e-01
-2.272126883945913889e+00,4.893510867667117403e-01,2.276942350669122650e+00
-2.645136718376139839e+00,1.257207531785168975e+00,-2.008461478892305807e-01
-3.018142913970036645e+00,-1.531209589279044714e+00,2.663775033358973587e+00
2.713801377965700201e+00,-7.633619410118913651e-01,1.859739567503259638e-01
2.340795364313619675e+00,4.494609991521376392e-03,-2.291827438289975039e+00
1.967789168719723092e+00,7.723423642436302305e-01,5.727935837424029675e-01
1.594779334289496919e+00,1.540190118495739169e+00,-1.904994596384297134e+00
1.221769499859270969e+00,-1.248218311802126168e+00,9.596007919000117958e-01
8.487633042653741633e-01,-4.803706635349728749e-01,-1.518174650960567140e+00
4.757571086714773023e-01,2.874858874684398935e-01,1.346433474589862955e+00
1.027472742412513240e-01,1.055333641720548776e+00,-1.131380657716559046e+00
-2.702589213526455092e-01,-1.733083585328620613e+00,1.733240682747471784e+00
-6.432687557828715708e-01,-9.652270343252077334e-01,-7.445347601131070414e-01
-1.016274951376768376e+00,-1.973793860580544124e-01,2.120034516775653355e+00
-1.389280783087032178e+00,5.704684741790099212e-01,-3.577407668690988918e-01
-1.762290617517258351e+00,1.338333609963815674e+00,2.506880573594931771e+00
-2.135300815831117305e+00,-1.450092307851702067e+00,2.906612285685691854e-02
-2.508306647541381107e+00,-6.822444476146377612e-01,-2.448709160787895467e+00
-2.881312843135277912e+00,8.562058218521252650e-02,4.159121796761353629e-01
2.850631630742275657e+00,8.534597516559283559e-01,-2.061902271061939462e+00
2.477625435148378852e+00,1.621307611892992773e+00,8.027060137043169341e-01
2.104611961881823312e+00,-1.167092339608435170e+00,-1.675108118602105067e+00
1.731609405124255874e+00,-3.992444793713708084e-01,1.189525959128046928e+00
1.358603209530359068e+00,3.685946900993450903e-01,-1.288262380214479697e+00
9.855897362638038617e-01,1.136459719899195253e+00,1.576320111587881767e+00
6.125835406699070562e-01,-1.651957401165018435e+00,-9.014424347907495916e-01
2.395773450760101675e-01,-8.841182316943025921e-01,1.963165849975507138e+00
-1.334324893542158386e-01,-1.162532018944523043e-01,-5.146484415467413864e-01
-5.064386849481127273e-01,6.515945523576565090e-01,2.349960002435341533e+00
-8.794445166583766405e-01,1.419442306609765447e+00,-1.278025439432895205e-01
-1.252458353808564739e+00,-1.368966123688099890e+00,-2.605616835465538017e+00
-1.625464549402461545e+00,-6.011184754209465408e-01,2.589916085165451243e-01
-1.998466742276396202e+00,1.667293848161177372e-01,-2.218770937862085901e+00
-2.371480215542951520e+00,9.345858298345750548e-01,6.457854425447268065e-01
-2.744486411136848325e+00,1.702433584086683771e+00,-1.831976944618078029e+00
2.987461701577034390e+00,-1.085983536977529917e+00,1.032657292327900489e+00
2.614451867146808439e+00,-3.181271979440281061e-01,-1.445182951374069713e+00
2.241445671552911634e+00,4.497206622930362552e-01,1.419451444787735106e+00
1.868439475959014606e+00,1.217568522530100505e+00,-1.058337053770617819e+00
1.495426002692459511e+00,-1.570840119737675789e+00,1.806245278815916899e+00
1.122419807098562705e+00,-8.029922595006113717e-01,-6.715171083468879365e-01
7.494174322828114354e-01,-3.514439926354710059e-02,2.193091335635195094e+00
3.764037770744398381e-01,7.327119397699547454e-01,-2.847231151028797314e-01
3.397763422359460165e-03,1.500559800007019051e+00,2.579910962627272042e+00
-3.696086141133538283e-01,-1.287857321057194637e+00,1.021226232847456533e-01
-7.426184485435798344e-01,-5.200009820236929370e-01,-2.375691509021676140e+00
-1.115624280253843859e+00,2.478467722284159180e-01,4.889167757445803120e-01
-1.488630475847740664e+00,1.015703217246873180e+00,-1.988845611418224468e+00
-1.861644312997928763e+00,-1.772713903817340508e+00,8.757367211683103614e-01
-2.234650144708192787e+00,-1.004866043580276314e+00,-1.602051618174216374e+00
-2.607652701465760448e+00,-2.370183953131228816e-01,1.262582459555935843e+00
-2.980666174732315543e+00,5.308467404716828986e-01,-1.215231672750486158e+00
2.751281937981567172e+00,1.298694494723791726e+00,1.649376612015770460e+00
2.378275742387670366e+00,-1.489722626340422185e+00,-8.283857751470343755e-01
2.005265907957444416e+00,-7.218747661033577678e-01,2.036170446043951809e+00
1.632259712363547610e+00,4.597298814875108025e-02,-4.415917819030261704e-01
1.259253698711467084e+00,8.138207424008598867e-01,2.423016502863230226e+00
8.862400435030954871e-01,1.581685772200710272e+00,-5.479778865901804852e-02
5.132338479091986816e-01,-1.206731348863503639e+00,-2.532560175821822579e+00
1.402314730934474674e-01,-4.388834886264392776e-01,3.320481089444338729e-01
-2.327858209512533305e-01,3.289642656256695497e-01,-2.145766182577814707e+00
-6.057920165451501360e-01,1.096812019877778432e+00,7.188680543681639223e-01
-9.787982121390470525e-01,-1.691605101186435256e+00,-1.758920284974362813e+00
-1.351804043849310855e+00,-9.237400713865850932e-01,1.105661888396345605e+00
-1.724806600606878515e+00,-1.558922111495207874e-01,-1.372126450946181020e+00
-2.097812796200775320e+00,6.119555431025880399e-01,1.492507945215624021e+00
-2.470833547139989150e+00,1.379820572902438425e+00,-9.853063463066245031e-01
-2.843839742733885956e+00,-1.408613823709516932e+00,1.879301779243805592e+00
2.888112008816325904e+00,-6.407661754423634726e-01,-5.984604487031726094e-01
2.515105813222429099e+00,1.270989603424422520e-01,2.266121724667535808e+00
2.142099617628532293e+00,8.949467145945511071e-01,-2.116664554591644876e-01
1.769097424754597636e+00,1.662794574831615302e+00,2.652967781486814225e+00
1.396076309931751247e+00,-1.125605376669812419e+00,1.751275377848436343e-01
1.023070114337854442e+00,-3.577748979654449824e-01,-2.302635008593787447e+00
6.500641006857740267e-01,4.100729622716193234e-01,5.619732761724690606e-01
2.770579050918771657e-01,1.177937992071469653e+00,-1.915840856133952830e+00
-9.594810856020323520e-02,-1.610479128992744258e+00,9.487932215961990545e-01
-4.689543041541000545e-01,-8.426312687556798409e-01,-1.528995117746327459e+00
-8.419754189769464991e-01,-7.476623895582962254e-02,1.335587374056033783e+00
-1.214973973014552122e+00,6.930815152962792602e-01,-1.142175172322597465e+00
-1.587980168608448928e+00,1.460912099985602230e+00,1.722433112443659153e+00
-1.960986364202345733e+00,-1.327487851515825712e+00,-7.553811790785893709e-01
-2.333992559796242539e+00,-5.596399912787614062e-01,2.109227264903493992e+00
-2.706998755390139344e+00,2.082077629733474489e-01,-3.685352814751374773e-01
3.024934620036610067e+00,9.760728987581531735e-01,2.496047210327223986e+00
2.651928606384529541e+00,1.743920653010262001e+00,1.825887098469720221e-02
2.278922410790632735e+00,-1.044496574038907166e+00,-2.459503675393933886e+00
1.905916215196736152e+00,-2.766487138018429159e-01,4.050788164084272447e-01
1.532910019602839125e+00,4.911990404502659113e-01,-2.072709682149926014e+00
1.159911465565233613e+00,1.259046794702374683e+00,7.919245547960526155e-01
7.868905326842036141e-01,-1.529353156799053037e+00,-1.685915688905917698e+00
4.138843370903068086e-01,-7.615052965619887315e-01,1.178718707255887344e+00
4.087814149640998235e-02,6.342563675075581220e-03,-1.299069791302465804e+00
-3.321278721556704117e-01,7.741903179271844015e-01,1.565512541284068915e+00
-7.051340677495672171e-01,1.542038072179293229e+00,-9.122498458787358100e-01
-1.078140263343464023e+00,-1.246379048884920460e+00,1.952358598103347331e+00
-1.451161378166310412e+00,-4.785140190850702413e-01,-5.254558526347277159e-01
-1.824159932203916146e+00,2.893338411519940645e-01,2.339178543527077547e+00
-2.197166127797812951e+00,1.057181595404102836e+00,-1.386099550312757667e-01
-2.570172323391709757e+00,-1.731235631645066331e+00,-2.616424246553524124e+00
-2.943178518985606562e+00,-9.633877714080020249e-01,2.481840382127323830e-01
2.788769775670092432e+00,-1.955399111709376914e-01,-2.229578348950072453e+00
2.415748842789062767e+00,5.723251186289125547e-01,6.350039836364623769e-01
2.042742647195165517e+00,1.340172872881021382e+00,-1.842784355706064137e+00
1.669736451601268934e+00,-1.448244354168147785e+00,1.021850040455740904e+00
1.296730437949188408e+00,-6.803793243682976222e-01,-1.455964410282334143e+00
9.237242423552917137e-01,8.745126032102532032e-02,1.408643874483922476e+00
5.507255063758695890e-01,8.552991205580896539e-01,-1.069144464858604149e+00
1.777045734948396460e-01,1.623164150357939928e+00,1.795463819907652470e+00
-1.953014401572407133e-01,-1.165253076691229461e+00,-6.823245194348741549e-01
-5.683076357511375187e-01,-3.973880468913790764e-01,2.182231860971938886e+00
-9.413138313450344352e-01,3.704598133456852294e-01,-2.955045740111441055e-01
-1.314320026938931241e+00,1.138307673582749535e+00,2.569103710755112679e+00
-1.687341141761777630e+00,-1.650109447481464153e+00,9.126346705314217211e-02
-2.060346973472041654e+00,-8.822617992143109156e-01,-2.386472967929940570e+00
-2.433353169065938459e+00,-1.144139389772465404e-01,4.781353168363159378e-01
-2.806352086987176975e+00,6.534510908226036641e-01,-1.999704926865654375e+00
2.925596207668522020e+00,1.421298951059668081e+00,8.649033579006022432e-01
2.552590012074625214e+00,-1.367118170004545830e+00,-1.612833077082480582e+00
2.179569079193595549e+00,-5.992705217373923698e-01,1.251723303324332237e+00
1.806562883599698521e+00,1.685773384996719360e-01,-1.226065036018194387e+00
1.433556869947618218e+00,9.364251987367362418e-01,1.638595153107506031e+00
1.060550674353721412e+00,1.704290228536586627e+00,-8.392450905944642825e-01
6.875444787598244956e-01,-1.084126892527627284e+00,2.025363194171792447e+00
3.145384651077441363e-01,-3.162792442604738796e-01,-4.523732408112905445e-01
-5.847500815881104957e-02,4.515686159765904262e-01,2.412183139595522441e+00
-4.314812037527078759e-01,1.219416476213654787e+00,-6.560519974700428081e-02
-8.044873993466047368e-01,-1.569000856820470080e+00,-2.543393539089530808e+00
-1.177493594940501653e+00,-8.011356150507087381e-01,3.212147456767257547e-01
-1.550499790534398459e+00,-3.328796678355538941e-02,-2.156573593665800814e+00
-1.923505986128295264e+00,7.345598934535089164e-01,7.080346911004558041e-01
-2.296526737067508872e+00,1.502424923253359301e+00,-1.769753648242070820e+00
-2.669532932661405678e+00,-1.286009579343551534e+00,1.094854636524185798e+00
-3.042539128255302483e+00,-5.181617191064871175e-01,-1.382933702818340826e+00
2.689416444073055246e+00,2.497034166783185793e-01,1.481674581947915792e+00
2.316410248479157996e+00,1.017551170930427462e+00,-9.961137573946108326e-01
1.943404234827077914e+00,-1.770865950133786448e+00,1.868494527371645786e+00
1.570383120004231303e+00,-1.003000920333936063e+00,-6.092938119708807276e-01
1.197377106352150999e+00,-2.351530600968717855e-01,2.255314472795376002e+00
8.243709107582541940e-01,5.326774186074956230e-01,-2.224738665471507337e-01
4.513647151643573330e-01,1.300542448407346008e+00,2.642134418219105996e+00
7.835870151227695979e-02,-1.487874672656867903e+00,1.643460788765792879e-01
-2.946474940816198873e-01,-7.200270243897144429e-01,-2.313442260465947253e+00
-6.676609673481750384e-01,4.783811139509123317e-02,5.511141199408655655e-01
-1.040667162942071844e+00,8.156859716321555043e-01,-1.926622315042217259e+00
-1.413673358535968649e+00,1.583533725884264332e+00,9.379859697240393590e-01
-1.786679554129865677e+00,-1.204883395179949357e+00,-1.539854273977931065e+00
-2.159685749723762260e+00,-4.370357469127960082e-01,1.324805915147769353e+00
-2.532691945317659066e+00,3.308121133242682976e-01,-1.152982424194757272e+00
-2.905712696256872896e+00,1.098677143124118682e+00,1.711573956212055547e+00
2.826235416457009819e+00,-1.689739977940095228e+00,-7.661626379868536896e-01
2.453229220863113014e+00,-9.218921177030309222e-01,2.098445805995229563e+00
2.080230666825507502e+00,-1.540444694358775179e-01,-3.793944377067409168e-01
1.707224471231610696e+00,6.138033908011868434e-01,2.485213847059515757e+00
1.334218275637713891e+00,1.381651251038251038e+00,7.477412076432850621e-03
9.611973427566838923e-01,-1.406748700463176682e+00,-2.470362831625537492e+00
5.881911471627869759e-01,-6.389008402261123765e-01,3.942454531407191265e-01
2.151849515688901704e-01,1.289469140259964508e-01,-2.083490981842363698e+00
-1.578210620831901889e-01,8.967946682781052781e-01,7.810653985644491204e-01
-5.308272576770870499e-01,1.664642528515169584e+00,-1.696722940778077504e+00
-9.038334532709838554e-01,-1.123774592549044105e+00,1.167937248347622914e+00
-1.276846926537539062e+00,-3.559095627491938862e-01,-1.309903154570174033e+00
-1.649853122131435867e+00,4.119381915029149410e-01,1.554705289411909108e+00
-2.022859317725332673e+00,1.179785945755023713e+00,-9.230313047870001286e-01
-2.395865513319229478e+00,-1.608614005746404008e+00,1.941525234835639324e+00
-2.768871345029493281e+00,-8.407833150721256699e-01,-5.362632637227139343e-01
2.963076585742572711e+00,-7.293566680497230725e-02,2.328345180259369318e+00
2.590055652861542601e+00,6.949294689798334312e-01,-1.494433182989838849e-01
2.217049457267645796e+00,1.462777223231942259e+00,-2.627231657641510676e+00
1.844043443615565492e+00,-1.325639897832271430e+00,2.373767863405726597e-01
1.471037248021668686e+00,-5.577748680324212671e-01,-2.240411712217780682e+00
1.098038512042246673e+00,2.100729922046430664e-01,6.241967317643026814e-01
7.250323164483498672e-01,9.779207464567518659e-01,-1.853591766794050466e+00
3.520113835673198688e-01,1.745768500708860804e+00,1.011016677188032675e+00
-2.099463008476052522e-02,-1.042648620355353106e+00,-1.466771821370320472e+00
-3.940008256786573515e-01,-2.748007601182886894e-01,1.397836622611762669e+00
-7.670070212725541570e-01,4.930815452293029755e-01,-1.079951875946590478e+00
-1.140028136095400546e+00,1.260912023933670412e+00,1.784604663676049086e+00
-1.513033967805664570e+00,-1.527505203115498755e+00,-6.931838348823041729e-01
-1.886032885726903086e+00,-7.596573428784345605e-01,2.171424609099779079e+00
-2.259039081320799891e+00,8.190411373674317055e-03,-3.063119850991303239e-01
-2.632045276914696696e+00,7.760382716107386836e-01,2.558296458882952873e+00
-3.005051108624960499e+00,1.543886025862847511e+00,8.050811954042622065e-02
2.726882084859972633e+00,-1.244513925638580432e+00,-2.397332283377370477e+00
2.353875889266075383e+00,-4.766660654015160148e-01,4.672761606047124983e-01
1.980869693672178800e+00,2.911816888505928125e-01,-2.010512337953640483e+00
1.607863680020098274e+00,1.059029443102701640e+00,8.541480103878862362e-01
1.234857484426201468e+00,-1.729387677961512049e+00,-1.623640488170466911e+00
8.618514707741211645e-01,-9.615398177244478539e-01,1.240967637379963184e+00
4.888378155657495117e-01,-1.936576183618116120e-01,-1.236872447106180495e+00
1.158316199718526923e-01,5.741729663275112472e-01,1.627735678444249601e+00
-2.571743936802277086e-01,1.342020826564575664e+00,-8.500525016824506119e-01
-6.301805892741245696e-01,-1.446396400484593725e+00,2.014555623867979595e+00
-1.003186784868021375e+00,-6.785485402475293082e-01,-4.631806518992767630e-01
-1.376192980461918181e+00,8.929921400457951908e-02,2.401427473651153388e+00
-1.749213731401131788e+00,8.571815193521712395e-01,-7.646451519443428491e-02
-2.122219926995028594e+00,1.625029379589235434e+00,-2.554200950177516916e+00
-2.495226122588925399e+00,-1.163405123007675179e+00,3.104071753729130134e-01
-2.868224676626530911e+00,-3.955572627706108180e-01,-2.167381004753786922e+00
2.863723254145535080e+00,3.722904914814980093e-01,6.972790251560867514e-01
2.490717240493454998e+00,1.140138245733606892e+00,-1.780509154970613350e+00
2.117696125670608609e+00,-1.648244324235124125e+00,1.083995161860929368e+00
1.744690112018528083e+00,-8.803964639980598195e-01,-1.393741113906326934e+00
1.371683916424631278e+00,-1.125488157309063875e-01,1.470867011644103162e+00
9.986777208307343612e-01,6.552817689584164995e-01,-1.006921168482596940e+00
6.256717071786539464e-01,1.423129523210525438e+00,1.857686957067833156e+00
2.526655115847571409e-01,-1.365287597853688473e+00,-6.200493186994232575e-01
-1.203479616817980102e-01,-5.974051865211412737e-01,2.244454998132119350e+00
-4.933541572756948712e-01,1.704425677309675535e-01,-2.333331819945807240e-01
-8.663603528695916767e-01,9.382903219830763808e-01,2.631326847915293143e+00
-1.239366548463488593e+00,1.706138076235185208e+00,1.535385085727665466e-01
-1.612372744057385399e+00,-1.082296320376769927e+00,-2.324249671553933361e+00
-1.985378575767649201e+00,-3.144484601397056212e-01,5.403584539964966238e-01
-2.358399690590495812e+00,4.534338452078860437e-01,-1.937481789705473689e+00
-2.731405886184392617e+00,1.221281599459994816e+00,9.271264950607828181e-01
3.000542226529490097e+00,-1.567135521604218873e+00,-1.550609939922299896e+00
2.627543672491884585e+00,-7.992878733370655242e-01,1.313998344843956723e+00
2.254537476897987780e+00,-3.144001310000118371e-02,-1.163789835282743379e+00
1.881531281304090752e+00,7.363905715893217518e-01,1.700818290267686717e+00
1.508510348423060865e+00,1.504272876936913361e+00,-7.770217942184571847e-01
1.135504152829164060e+00,-1.284144244127300327e+00,2.087586331331972911e+00
7.624979572352672541e-01,-5.162965958601469785e-01,-3.902018487947271908e-01
3.894919435831868393e-01,2.515512643769173273e-01,2.474458181115146704e+00
1.648574798928999566e-02,1.019399124613981522e+00,-3.330158227379897626e-03
-3.565204476046068272e-01,-1.769017996450232166e+00,-2.481118497569906545e+00
-7.295339208711619783e-01,-1.001152966650382004e+00,3.834378828369063852e-01
-1.102540116465058784e+00,-2.333053183832285160e-01,-2.094350456505620350e+00
-1.475546312058955589e+00,5.345425418538357620e-01,7.702578282606363791e-01
-1.848552507652852617e+00,1.302390402090900068e+00,-1.707530511081890134e+00
-2.221558339363116641e+00,-1.486026718973313621e+00,1.157129678043810284e+00
-2.594564534957013446e+00,-7.181790707061602719e-01,-1.320658661298716341e+00
-2.967585649779859835e+00,4.968606507864543886e-02,1.543845814748652678e+00
2.764362462934022879e+00,8.175338193307543078e-01,-9.338906202344301466e-01
2.391356449281942798e+00,1.585381679567818614e+00,1.930717664531826472e+00
2.018357713302520562e+00,-1.203035441496395075e+00,-5.470706748107001527e-01
1.645351517708623756e+00,-4.351877932292417817e-01,2.317589514315000265e+00
1.272345504056543231e+00,3.326600670078225241e-01,-1.601988250275263315e-01
8.993243892336968415e-01,1.100542478340369668e+00,-2.638090973088940583e+00
5.263256532542748278e-01,-1.687874854693754978e+00,2.265692160367599184e-01
1.533196396021944685e-01,-9.200269944566907832e-01,-2.251219123305766789e+00
-2.196867379335188386e-01,-1.522136853151092595e-01,6.133891614604899400e-01
-5.926925696437828073e-01,6.156340689369995678e-01,-1.864399177882036573e+00
-9.656987652376796127e-01,1.383481823189108395e+00,1.000261011243663845e+00
-1.338719880060526002e+00,-1.404900746779622622e+00,-1.477631136817750379e+00
-1.711726075654422807e+00,-6.370528865425582055e-01,1.386977147948506239e+00
-2.084732271248319613e+00,1.307948677095506496e-01,-1.090759287034576586e+00
-2.457738102958583415e+00,8.986426219616594491e-01,1.773848997731680033e+00
-2.830744298552480664e+00,1.666490482198723866e+00,-7.039393416108465917e-01
2.901203814161402050e+00,-1.121926850835401002e+00,2.160720847514853826e+00
2.528182881280372385e+00,-3.540444395028537472e-01,-3.171713005465603419e-01
2.155176685686475579e+00,4.138034207342105586e-01,2.547436984219696221e+00
1.782170672034395054e+00,1.181651174986319441e+00,6.970054923661346546e-02
1.409164476440498248e+00,-1.606766052062849948e+00,-2.408087790105913228e+00
1.036158280846601443e+00,-8.389181918257855308e-01,4.565204946603435010e-01
6.631520852527045262e-01,-7.110488268420404878e-02,-2.021267844682183235e+00
2.901311523716745833e-01,6.967774226633876022e-01,8.432885357246298064e-01
-8.287486128040583155e-02,1.464625176915496541e+00,-1.634499803617896818e+00
-4.558661376453530534e-01,-1.323791944148717370e+00,1.230108481148359800e+00
-8.288723332392499143e-01,-5.559442958815639102e-01,-1.247627953834723025e+00
-1.201878528833146831e+00,2.119035643555003956e-01,1.616980330931533594e+00
-1.574899643655993220e+00,9.797859756880474835e-01,-8.609118171298805189e-01
-1.947905839249890025e+00,1.747633729940156311e+00,2.003748371995819788e+00
-2.320911670960153828e+00,-1.040783497109012856e+00,-4.740399673467067809e-01
-2.693917866554050633e+00,-2.729356368719485504e-01,2.390568317419549782e+00
3.038030246159832082e+00,4.949121173801602769e-01,-8.722002192297674539e-02
2.665024050565935276e+00,1.262759977617224694e+00,-2.564956456906059667e+00
2.292003117684905167e+00,-1.525657249431944695e+00,2.995480191413095183e-01
1.918996922091008361e+00,-7.578093891948802785e-01,-2.178188415841773473e+00
1.545990908438927836e+00,1.003836505722852275e-02,6.864198689244832563e-01
1.172984712845031030e+00,7.778861193093373760e-01,-1.791368470418043257e+00
7.999785172511342246e-01,1.545733979546401793e+00,1.073239814348213361e+00
4.269723216572373636e-01,-1.242683141517812118e+00,-1.404496620634869464e+00
5.395138877620739293e-02,-4.748009421551758757e-01,1.460007855412499556e+00
-3.190546248758729941e-01,2.930469180818884301e-01,-1.017780483930027069e+00
-6.920608204697697996e-01,1.060894778318952847e+00,1.846879705195673349e+00
-1.065052096834717021e+00,-1.727522554715172021e+00,-6.309086341468532755e-01
-1.438058292428613827e+00,-9.596746944781077149e-01,2.233699650619403343e+00
-1.811064488022510854e+00,-1.918268342410433536e-01,-2.440886887231231983e-01
-2.184085602845357243e+00,5.760209200110655292e-01,2.620467691683689537e+00
-2.557091434555621046e+00,1.343868674263174245e+00,1.426793523411630515e-01
-2.930097630149517851e+00,-1.444548446801039443e+00,-2.335108987001363712e+00
2.801850482564364864e+00,-6.767005865639751372e-01,5.295512021243368173e-01
2.428844286970468058e+00,9.114716768813373171e-02,-1.948237137218189696e+00
2.055838091376571253e+00,8.589949219402426284e-01,9.164230519075106107e-01
1.682817158495541143e+00,1.626877333272789716e+00,-1.561521000513347301e+00
1.309811144843460617e+00,-1.161539999761334929e+00,1.303139188612353117e+00
9.368049492495639230e-01,-3.936921395242706789e-01,-1.174597246370729708e+00
5.637987536556670065e-01,3.741557207127936269e-01,1.689959134036083110e+00
1.907925580617702010e-01,1.142003474964902399e+00,-7.877773009469997145e-01
-1.822136375321266322e-01,-1.646413752084266768e+00,2.076882888178700703e+00
-5.552343884713401012e-01,-8.785313407517195694e-01,-4.010611642421571532e-01
-9.282405840652370177e-01,-1.106834805146553052e-01,2.463599024883543098e+00
-1.301246779659133823e+00,6.571297226419706705e-01,-1.413741009953961743e-02
-1.674238056024081045e+00,1.424977476894079498e+00,-2.491977653801510151e+00
-2.047244251617978072e+00,-1.363439644170134191e+00,3.726825353241904337e-01
-2.420250447211874878e+00,-5.955917839330698849e-01,-2.105157708377780157e+00
-2.793271198151088264e+00,1.722904154295663015e-01,7.593986720290328840e-01
2.938676914562794451e+00,9.401382756666306628e-01,-1.718337762954049941e+00
2.565670718968897646e+00,1.707986029918739490e+00,1.146218617452762878e+00
2.192664523375000840e+00,-1.080431197130429899e+00,-1.331517976746146470e+00
1.819658327781103813e+00,-3.125833368933654821e-01,1.533142371595380471e+00
1.446652314129023509e+00,4.552644173587434007e-01,-9.446980313224163650e-01
1.073631381247993621e+00,1.223146828691290544e+00,1.919858508300223088e+00
7.006251856540967049e-01,-1.565270398357878623e+00,-5.578780858986863711e-01
3.276189900601998439e-01,-7.974225381208144281e-01,2.306678453723952860e+00
-4.538720553369696847e-02,-2.957467788375009454e-02,-1.710581404749563494e-01
-4.183934011275938225e-01,7.382384192879204443e-01,-2.648794575458039091e+00
-7.913992328378577357e-01,1.506086279524984750e+00,2.157619641646001951e-01
-1.164420347660704236e+00,-1.282296290443746267e+00,-2.262078279537370396e+00
-1.537426543254601041e+00,-5.144486421765928075e-01,6.025819095883302445e-01
-1.910432738848497847e+00,2.533992180604714983e-01,-1.875258334113640180e+00
-2.283438934442394874e+00,1.021247078297535804e+00,9.894018550120602384e-01
-2.656430210807342096e+00,-1.767170254736588841e+00,-1.488334739186849109e+00
-3.029436406401238902e+00,-9.993223944995245356e-01,1.376221800435790232e+00
2.702497150967327233e+00,-2.314399831669774199e-01,-1.101618602482006715e+00
2.329490955373430427e+00,5.364077710851313796e-01,1.763041745859520226e+00
1.956484759779533622e+00,1.304255525337240318e+00,-7.147986570582766097e-01
1.583478564185636817e+00,-1.484161595726973593e+00,2.149861691283250220e+00
1.210472550533556291e+00,-7.163137354899091758e-01,-3.278749029156590167e-01
8.374663549396594853e-01,5.153401876219964456e-02,2.536681636706980214e+00
4.644454220586295423e-01,8.193817730143084788e-01,5.884139300500997732e-02
9.143922646473270910e-02,1.587229633251372896e+00,-2.418895201193899336e+00
-2.815669691291641241e-01,-1.201187699782751972e+00,4.456613384287400059e-01
-6.545731647230609296e-01,-4.333398395456876107e-01,-2.032075255770169342e+00
-1.027578996433324843e+00,3.345080206913766951e-01,8.324812838524699998e-01
-1.400585192027221648e+00,1.102355774943485578e+00,-1.645255310346439348e+00
-1.773606306850068259e+00,-1.686026901010200918e+00,1.219301229276199994e+00
-2.146612502443964843e+00,-9.181790407731365011e-01,-1.258539173641596731e+00
-2.519618698037861648e+00,-1.503311805360722231e-01,1.606121174699929988e+00
-2.892624529748125894e+00,6.175165737160366319e-01,-8.716154194989792492e-01
2.839338320252890124e+00,1.385364327968145570e+00,1.992941120123660204e+00
2.466332124658993319e+00,-1.403052793096068340e+00,-4.847954740752492553e-01
2.093311191777963209e+00,-6.352051448289148805e-01,2.379761065547389975e+00
1.720304996184066404e+00,1.326427154081493975e-01,-9.807933737040674949e-02
1.347298982531986100e+00,9.004905756452137311e-01,-2.575815772353489574e+00
9.742927869380891837e-01,1.668338329897322447e+00,2.888442575563843207e-01
6.012865913441923782e-01,-1.120078897151846720e+00,-2.188995826929759581e+00
2.282805776921119634e-01,-3.522310369147824138e-01,6.756642029801143146e-01
-1.447405371307344535e-01,4.156512684328093066e-01,-1.802175881506029587e+00
-5.177467327246313422e-01,1.183499128669873501e+00,1.062380339684956709e+00
-8.907525644348952554e-01,-1.604918098379295666e+00,-1.415355936082299593e+00
-1.263758760028792061e+00,-8.370702381422313598e-01,1.449304093827574302e+00
-1.636764955622688866e+00,-6.922237790516701239e-02,-1.028535990658569377e+00
-2.009771151216585672e+00,6.986252703619864057e-01,1.836124039251304296e+00
-2.382792266039432061e+00,1.466473130599050601e+00,-6.417160452348394939e-01
-2.755798097749695863e+00,-1.321943990465163088e+00,2.222840175956146691e+00
2.976149833022370128e+00,-5.540963421980097392e-01,-2.548960998111094445e-01
2.603143819370289602e+00,2.137515180390545944e-01,2.609660121379877129e+00
2.230152543005342380e+00,9.815993782761188724e-01,1.319236863967940820e-01
1.857146347411445575e+00,1.749447132528227700e+00,-2.345812589370462220e+00
1.484125414530415688e+00,-1.038935543425458574e+00,5.186398231016365878e-01
1.111119218936518882e+00,-2.710876831883943239e-01,-1.959096452665619825e+00
7.381130233426220766e-01,4.967600710637145034e-01,9.055635772442541809e-01
3.651070096905416618e-01,1.264607825315823275e+00,-1.572276507241889831e+00
-7.899185903355197477e-03,-1.523809295748390413e+00,1.292383522667984064e+00
-3.809203007262016438e-01,-7.559268844158433254e-01,-1.185456561818159615e+00
-7.539264963200984493e-01,1.192086983626555914e-02,1.679099659372826681e+00
-1.126932328030362473e+00,7.797340729928915470e-01,-7.986366163944296215e-01
-1.499938523624259279e+00,1.547581933229955853e+00,2.066023413515444052e+00
-1.872944719218156084e+00,-1.240835399804168793e+00,-4.118166709706996276e-01
-2.245950914812052890e+00,-4.729875395671045424e-01,2.452843358939174045e+00
-2.618972029634899279e+00,2.948948717654426566e-01,-2.499672554696961979e-02
-2.991977861345163081e+00,1.062742626017551428e+00,-2.502836969248940058e+00
2.739970251368719634e+00,-1.725674601031617739e+00,3.618230606609338929e-01
2.366964055774822384e+00,-9.578267407945534329e-01,-2.115913374322148766e+00
1.993957860180925801e+00,-1.899788805574891271e-01,7.486430060846639423e-01
1.620951664587028995e+00,5.778688736946197002e-01,-1.729093428898418994e+00
1.247945650934948469e+00,1.345751179042211421e+00,1.135462951508394047e+00
8.749394553410516640e-01,-1.442665942022002490e+00,-1.342377292193576377e+00
5.019332597471548585e-01,-6.748182937548490301e-01,1.522282896932124041e+00
1.289272460950744714e-01,9.302956648221530345e-02,-9.554535380509588949e-01
-2.440789494988223618e-01,8.608428756237967994e-01,1.909102842355854035e+00
-6.170851450927191673e-01,1.628690629875905627e+00,-5.686335926272287900e-01
-9.901058960319326641e-01,-1.159692046077780869e+00,2.295922787779583807e+00
-1.363112091625829470e+00,-3.918441858407164524e-01,-1.819172967065598445e-01
-1.736118287219726275e+00,3.760035684113923748e-01,-2.659653890905468998e+00
-2.109124482813623302e+00,1.143851428648456681e+00,2.049024895013436820e-01
-2.482130678407520108e+00,-1.644565798400712486e+00,-2.272833945481739004e+00
-2.855136874001416913e+00,-8.767179381636482915e-01,5.918262436439611918e-01
2.876796501425332497e+00,-1.088355268311010926e-01,-1.886117808776896609e+00
2.503790487773252416e+00,6.590121214360522561e-01,9.785423803488036976e-01
2.130784292179355610e+00,1.426859981673116673e+00,-1.499194054634279016e+00
1.757778096585458583e+00,-1.361557139391097238e+00,1.365362325772533802e+00
1.384772082933378279e+00,-5.937094911239437778e-01,-1.112374109210549022e+00
1.011765887339481473e+00,1.741383691131205003e-01,1.752286079915151396e+00
6.387596917455845569e-01,9.419862293501848338e-01,-7.256579725057066277e-01
2.657534961516876959e-01,1.709833983602293772e+00,2.139002216619994012e+00
-1.072525175003926912e-01,-1.078583243446875617e+00,-3.387342183630890347e-01
-4.802587130942895244e-01,-3.107353832098112556e-01,2.525822162043724006e+00
-8.532649086881863854e-01,4.571123710422975717e-01,4.808572706064100089e-02
-1.226271104282083302e+00,1.224960125294406454e+00,-2.429650707922441644e+00
-1.599291855221296688e+00,-1.563422444674324563e+00,4.348018637654834651e-01
-1.972298050815193493e+00,-7.955745844372602571e-01,-2.042934571217599249e+00
-2.345304246409090521e+00,-2.772693617010682857e-02,8.217256179081010581e-01
-2.718310442002987326e+00,7.401209240669575085e-01,-1.656114625793869255e+00
3.013637852652712112e+00,1.507968784304021703e+00,1.208545563331831163e+00
2.640631657058814863e+00,-1.280448548730102942e+00,-1.269294680370139261e+00
2.267610724177785197e+00,-5.126006884930386365e-01,1.595261700036673558e+00
1.894604528583888170e+00,2.552471717440257248e-01,-8.824747349464092672e-01
1.521598332989991365e+00,1.023094925996134608e+00,1.982081645460403552e+00
1.148592319337911061e+00,-1.765322301053034781e+00,-4.956547895226792178e-01
7.755861237440142553e-01,-9.974744408159703646e-01,2.369005399603021367e+00
4.025799281501173943e-01,-2.296265805789060588e-01,-1.088348440989492100e-01
2.957391449803698988e-02,5.382557247686856616e-01,-2.586675087800919481e+00
-3.434322810958598260e-01,1.306103479020794378e+00,2.779851013247808256e-01
-7.164384766897566870e-01,-1.482313642043419311e+00,-2.199855142377189487e+00
-1.089444672283653492e+00,-7.144657818063550048e-01,6.648050467485108195e-01
-1.462450867877550298e+00,5.338186646079837866e-02,-1.812931388234571894e+00
-1.835456699587814322e+00,8.212297266978626498e-01,1.051624992172240924e+00
-2.208477814410660933e+00,1.589077480949971477e+00,-1.426215251529729500e+00
-2.581484010004557739e+00,-1.199339746099197690e+00,1.438444937595970918e+00
-2.954490205598454544e+00,-4.314918858621333841e-01,-1.039395306105999506e+00
2.777458089057244894e+00,3.363559743749309217e-01,1.825264883019700912e+00
2.404451893463348089e+00,1.104203728627039860e+00,-6.524715519633819127e-01
2.031445879811267563e+00,-1.684213498422129529e+00,2.212084828443431128e+00
1.658424764988421174e+00,-9.163310870895823301e-01,-2.657554152585394069e-01
1.285418569394524368e+00,-1.484832268525180243e-01,2.598904773867161122e+00
9.124125557424438426e-01,6.193645273995908029e-01,1.210645301651906008e-01
5.394063601485470372e-01,1.387212281651699630e+00,-2.356671904817892127e+00
1.664001645546502040e-01,-1.401204839412514058e+00,5.078844755889205809e-01
-2.066058490974301831e-01,-6.333571911453607095e-01,-1.969851959394162133e+00
-5.796120446913269886e-01,1.345252201871864339e-01,8.947044210126506858e-01
-9.526182402852239051e-01,9.023730804242506842e-01,-1.583032013970432139e+00
-1.325624435879120711e+00,1.670186283580876729e+00,1.281524366436380680e+00
-1.698630631473017516e+00,-1.118230943468292438e+00,-1.196212068546702145e+00
-2.071636463183281318e+00,-3.503830832312281873e-01,1.668344311860110674e+00
-2.444642658777178124e+00,4.174646710208806399e-01,-8.093921231229721514e-01
-2.817663773600024513e+00,1.185346976368472305e+00,2.055164257283840890e+00
2.914284521055674482e+00,-1.603070144695741384e+00,-4.226759864181296455e-01
2.541278325461777676e+00,-8.352222844586770778e-01,2.441984202707570883e+00
2.168272129867880871e+00,-6.737463619152374295e-02,-3.575223227551208721e-02
1.795266116215800345e+00,7.004732240455405767e-01,-2.513592475977482366e+00
1.422259920621903539e+00,1.468321084282604883e+00,3.510677131482179414e-01
1.049238987740873652e+00,-1.320061697656037092e+00,-2.126772530553752372e+00
6.762327921469767356e-01,-5.522138374189726751e-01,7.377838498530604472e-01
3.032265965530798746e-01,2.156340228180916307e-01,-1.739952585130022378e+00
-6.977941709900049860e-02,9.834817770702004580e-01,1.124707603995678040e+00
-4.427856126928973457e-01,1.751295086211781982e+00,-1.353132639706292384e+00
-8.157918082867942067e-01,-1.037122140837387185e+00,1.511527549419408034e+00
-1.188798003880691123e+00,-2.692397295048401529e-01,-9.663126942825623900e-01
-1.561804199474587929e+00,4.986080247472687299e-01,1.898243686124250429e+00
-1.934810031184851731e+00,1.266455778999377557e+00,-5.794927488588322850e-01
-2.307816226778748536e+00,-1.521961342064836131e+00,2.285167440266868244e+00
-2.680822422372645342e+00,-7.541134818277719365e-01,-1.926728034351022911e-01
3.051125690341237373e+00,1.373416643938146255e-02,-2.670409397634011750e+00
2.678104757460207264e+00,7.816165777719286112e-01,1.941471419886277305e-01
2.305098561866310458e+00,1.549464332024037549e+00,-2.283693101713342610e+00
1.932092548214229932e+00,-1.238952895025131840e+00,5.809670874123578077e-01
1.559086352620333127e+00,-4.711050347880674782e-01,-1.896873156289612616e+00
1.186080157026436321e+00,2.967428254489968276e-01,9.677870328360878016e-01
8.130592241454064339e-01,1.064590579701105710e+00,-1.510053210865882622e+00
4.400530285515095730e-01,-1.723826647348063679e+00,1.354503169540930196e+00
6.704683295761272588e-02,-9.559787871109992619e-01,-1.123233424657979151e+00
-3.059591806944676473e-01,-1.881309268739349283e-01,1.741426923683547789e+00
-6.789653762883645083e-01,5.797168273781738712e-01,-7.364134792342490465e-01
-1.051971571882261314e+00,1.347564581630282809e+00,2.128246869107278005e+00
-1.424992322821474922e+00,-1.440817988338448208e+00,-3.495935338105190526e-01
-1.797983963070054925e+00,-6.729703400712948591e-01,2.514963005812120400e+00
-2.170989794780318949e+00,9.487752016576950220e-02,3.722657082903751274e-02
-2.543995990374215754e+00,8.627253804028338635e-01,-2.440510023369871995e+00
-2.917002185968112560e+00,1.630573134654942580e+00,4.240465162527675136e-01
2.814945926745770155e+00,-1.157844092394226587e+00,-2.053690077946142001e+00
2.441924993864740046e+00,-3.899962321571622814e-01,8.108664616764975630e-01
2.068918798270843240e+00,3.778515220949466014e-01,-1.666973782025472861e+00
1.695912784618762936e+00,1.145699276347055484e+00,1.197686407100227557e+00
1.322906589024866131e+00,-1.642717844717158426e+00,-1.280050187098681791e+00
9.499003934309692143e-01,-8.748699844800940095e-01,1.584506352523957551e+00
5.768941978370724089e-01,-1.070223362129406608e-01,-8.932302416749516860e-01
2.038732649560423826e-01,6.608600751196065382e-01,1.971326297947687545e+00
-1.691327486960379767e-01,1.428707935356670733e+00,-5.065141049701092912e-01
-5.421389442899348099e-01,-1.359709185707542956e+00,2.358146243371417761e+00
-9.151451398838316154e-01,-5.918615374403896068e-01,-1.196941595463792141e-01
-1.288151335477728532e+00,1.759863227966746990e-01,-2.597430594529462233e+00
-1.661157531071625337e+00,9.438341830337390048e-01,2.672297538120648741e-01
-2.034178282010838945e+00,1.711681937285847832e+00,-2.210610649105732239e+00
-2.407169558375786167e+00,-1.076735289763321335e+00,6.539458905169073244e-01
-2.780175753969682972e+00,-3.088874295262570846e-01,-1.823790703682002023e+00
2.951772358744199742e+00,4.589603247258517982e-01,1.040765835940637318e+00
2.578766163150302937e+00,1.226808078977960736e+00,-1.436970758258272030e+00
2.205759967556406131e+00,-1.561609042086253174e+00,1.427689271651601866e+00
1.832739216617192524e+00,-7.937266307537059751e-01,-1.050254621553429413e+00
1.459733021023295718e+00,-2.587898248655262287e-02,1.814405726788097528e+00
1.086726825429398913e+00,7.419688777505116795e-01,-6.633308674108119307e-01
7.137206298355019962e-01,1.509816632002620507e+00,2.201225672211827522e+00
3.407144342416051908e-01,-1.278600595046548660e+00,-2.765109219870818813e-01
-3.229176135229164246e-02,-5.107527348094843545e-01,2.588149107922792069e+00
-4.053125122915051670e-01,2.571295705381073105e-01,1.102053739335871058e-01
-7.783187078854020280e-01,1.024977430775171561e+00,-2.367531220265322034e+00
-1.151324903479298722e+00,-1.763439796273997606e+00,4.971288096445516391e-01
-1.524345654418512330e+00,-9.955919360369333004e-01,-1.980815083560479861e+00
-1.897351850012409136e+00,-2.277440757998690224e-01,8.838449463493941449e-01
-2.270358045606306163e+00,5.401036784522398326e-01,-1.593891329417862268e+00
-2.643364241200202969e+00,1.307951432704348660e+00,1.270664891773124250e+00
-3.016370436794099774e+00,-1.480465688359865029e+00,-1.207071383994132274e+00
2.715592595148732524e+00,-7.126180400927116798e-01,1.657588645915741621e+00
2.342586399554835719e+00,5.522982014435258435e-02,-8.202514385704021693e-01
1.969580203960938913e+00,8.230776803814169318e-01,2.044408591339471837e+00
1.596574190308858610e+00,1.590925434633525759e+00,-4.334314931466721199e-01
1.223567994714961582e+00,-1.197491792415643408e+00,2.431228536763201831e+00
8.505617991210648876e-01,-4.296439321785792131e-01,-4.650773900405454769e-02
4.775557854689844728e-01,3.382038220735296696e-01,-2.524347982706025117e+00
1.045199333590049046e-01,1.106086127421121335e+00,3.401044297660739124e-01
-2.684860802930754686e-01,-1.682330993643092354e+00,-2.137631846001182279e+00
-6.414922758869723296e-01,-9.144831334060281591e-01,7.269243751898039063e-01
-1.014498471480869135e+00,-1.466354851388747549e-01,-1.750812059793279030e+00
-1.387504667074765941e+00,6.212123750981896064e-01,1.113848129332421388e+00
-1.760510862668662746e+00,1.389060235335253912e+00,-1.363992114369548814e+00
-2.133517058262559551e+00,-1.399356885728959998e+00,1.500668074756151604e+00
-2.506522889972823798e+00,-6.315092374618065385e-01,-9.770682010111048088e-01
-2.879529085566720603e+00,1.363386227752577951e-01,1.887488020179881598e+00
2.852419027147162112e+00,9.041864830123220731e-01,-5.902482555873748149e-01
2.479412831553265306e+00,1.672034237264431011e+00,2.274411774322499191e+00
2.106406635959368501e+00,-1.116382989784738378e+00,-2.034283101636447655e-01
1.733385703078338613e+00,-3.485005784521911232e-01,2.661024102308453987e+00
1.360379689426258309e+00,4.193471757999177041e-01,1.832876673253712174e-01
9.873734938323613930e-01,1.187194930052026587e+00,-2.294552417160772517e+00
6.143672982384645875e-01,-1.601222191012187324e+00,5.701076127491012668e-01
2.413611026445676988e-01,-8.333743307751229068e-01,-1.907628822233981669e+00
-1.316450929493291344e-01,-6.552668250796954419e-02,9.569275581728312607e-01
-5.046509246595930476e-01,7.023211777290947477e-01,-1.520808876810251675e+00
-8.776571202534898530e-01,1.470168931981203686e+00,1.343747503596561366e+00
-1.250663315847386770e+00,-1.318248295067965703e+00,-1.133988931386521459e+00
-1.623669511441283575e+00,-5.504004348309012862e-01,1.730671257739178959e+00
-1.996675707035180380e+00,2.174474254061629919e-01,-7.471689859627915764e-01
-2.369681902629077186e+00,9.852951796582718469e-01,2.117491203162908953e+00
-2.742717572797240155e+00,1.753212036101346349e+00,-3.604528492579490151e-01
2.989230539916642559e+00,-1.035239636058350232e+00,2.504207339867751347e+00
2.616224344322745310e+00,-2.673917758212859264e-01,2.636709616578099616e-02
2.243233067957798088e+00,5.004559784308229009e-01,-2.451369338817301902e+00
1.870226872363901505e+00,1.268303732682931839e+00,4.131870415895110282e-01
1.497220858711820979e+00,-1.520113388381282071e+00,-2.064549393393571908e+00
1.124214663117924173e+00,-7.522657401141286115e-01,8.001107957321286213e-01
7.512233867529769515e-01,1.558212012293566824e-02,-1.677729447969841692e+00
3.782171911590800906e-01,7.834299803600000001e-01,1.186930741155858504e+00
5.211177506999713910e-03,1.551277734612108938e+00,-1.290805693827224321e+00
-3.677950180868971297e-01,-1.237139492437060451e+00,1.573750686579588720e+00
-7.408012136807939907e-01,-4.692916321999960894e-01,-9.039857484034942159e-01
-1.113836883848956960e+00,2.986252242430784132e-01,1.960466823284431115e+00
-1.486843079442853988e+00,1.066472978495187185e+00,-5.173734204175391982e-01
-1.859849275036750793e+00,-1.721944142569026504e+00,2.347286768708161109e+00
-2.232855470630647599e+00,-9.541308334274450909e-01,-1.304496662749216884e-01
-2.605861666224544404e+00,-1.862831851602916589e-01,-2.608289909976892140e+00
-2.978867861818441209e+00,5.815646750767726747e-01,2.563702791488083332e-01
2.753080432837257785e+00,1.349412535313836869e+00,-2.221366155834274547e+00
2.380074419185177703e+00,-1.439004585750376819e+00,6.431902245725383827e-01
2.007068223591280454e+00,-6.711569374832234702e-01,-1.834546210410544553e+00
1.634062027997383870e+00,9.669092275384087720e-02,1.030010169996268488e+00
1.261055832403487065e+00,8.645386770059497739e-01,-1.447726264986814337e+00
8.880201622353238733e-01,1.632455639433979755e+00,1.416726306701110882e+00
5.150288858703766515e-01,-1.155961587615189634e+00,-1.061010128281971943e+00
1.420226902764798182e-01,-3.881137273781252173e-01,1.803546252124840876e+00
-2.309835053174170427e-01,3.797340268739836100e-01,-6.741901828582419487e-01
-6.039897009113138759e-01,1.147581781126092437e+00,2.190366197548570870e+00
-9.769958965052106814e-01,-1.640835339938121251e+00,-2.873702374345118993e-01
-1.350001728215474595e+00,-8.730220307965398385e-01,2.577289951691188463e+00
-1.723007923809371400e+00,-1.051743825293864620e-01,9.944970798921812238e-02
-2.096014119403268428e+00,6.626734777076778160e-01,-2.378286726993864786e+00
-2.469020314997165233e+00,1.430521337944742122e+00,4.863734621318356877e-01
-2.842026510591062038e+00,-1.357895995089382524e+00,-1.991466781570134792e+00
2.889921784064636956e+00,-5.900481348523182179e-01,8.731934075555657371e-01
2.516885931954657707e+00,1.778688275757117632e-01,-1.604750644865292175e+00
2.143879736360760901e+00,9.457165818278205904e-01,1.259805735541520644e+00
1.770873540766863874e+00,1.713564336079929529e+00,-1.217930699441562181e+00
1.397867527114783570e+00,-1.074852784984284382e+00,1.646729489684138237e+00
1.024861331520886765e+00,-3.070049247472200205e-01,-8.311107540178321873e-01
6.518551359269898482e-01,4.608428295048888068e-01,2.033549435107868231e+00
2.788491222749094889e-01,1.228690583756997690e+00,-4.441869998752145943e-01
-9.415707331898735821e-02,-1.559761088402698892e+00,2.420369380531598225e+00
-4.671483496839345939e-01,-7.919134401355455433e-01,-5.736705445148455179e-02
-8.401545452778313994e-01,-2.406557989848125134e-02,-2.535207298153455024e+00
-1.213160740871728205e+00,7.437822803385830683e-01,3.294528909722454491e-01
-1.586181491810941813e+00,1.511630034590691896e+00,-2.148283544010837431e+00
-1.959202606633788202e+00,-1.276718090267511707e+00,7.161690276770880104e-01
-2.332223721456634813e+00,-5.088702300304474013e-01,-1.761671216024882414e+00
-2.705214997821582035e+00,2.589775242216614815e-01,1.102988973100818004e+00
3.026718377605167820e+00,1.026825278473770364e+00,-1.374851270601152420e+00
2.653727101240220598e+00,-1.761591842590443546e+00,1.489808918524547998e+00
2.280735824875272932e+00,-9.937439823533791294e-01,-9.879275164585348268e-01
1.907714891994243267e+00,-2.258963340862257529e-01,1.876628863948277992e+00
1.534723615629295823e+00,5.419515261508385251e-01,-6.011075710348048329e-01
1.161702500806449434e+00,1.309799386387902942e+00,2.263552618090895585e+00
7.887112244415022122e-01,-1.478652285771793640e+00,-2.142876256110747557e-01
4.156902915604722692e-01,-7.108046375046404020e-01,2.650372563514625579e+00
4.269901519552502661e-02,5.704322273242395935e-02,1.726361285315427818e-01
-3.303517561434041183e-01,8.249600791754985174e-01,-2.305411732608202868e+00
-7.033430325083513956e-01,1.592807939412562712e+00,5.592484565174977718e-01
-1.076363783447564781e+00,-1.195609287636606455e+00,-1.918487978465585053e+00
-1.449355059812512225e+00,-4.277614273995421490e-01,9.460684019412277657e-01
-1.822376174635358614e+00,3.400863268525666783e-01,-1.531668033041855059e+00
-2.195367451000305614e+00,1.107934081104675617e+00,1.332992156083845359e+00
-2.568388565823152003e+00,-1.680483039959538294e+00,-1.144848087618125065e+00
-2.941379842188099669e+00,-9.126351797224738771e-01,1.719812101507575353e+00
2.790553533238650186e+00,-1.447875314553205561e-01,-7.580281421943949605e-01
2.417562256873702964e+00,6.230603287817437774e-01,2.106632046931305347e+00
2.044541323992672854e+00,1.390908189018808194e+00,-3.711045472676039458e-01
1.671550047627725633e+00,-1.397543695110799566e+00,2.493451992355035340e+00
1.298528932804879243e+00,-6.296267326827694744e-01,1.550793993417750975e-02
9.255079999238492450e-01,1.382211275542948314e-01,-2.462228495048905508e+00
5.525167235589019121e-01,9.060688818064036587e-01,4.024316940767950768e-01
1.794957906778719969e-01,1.673916636058512486e+00,-2.075408549625175514e+00
-1.934954856870752526e-01,-1.114500485005701202e+00,7.892516395005251262e-01
-5.665166005099216973e-01,-3.466526247686369522e-01,-1.688588604201445298e+00
-9.395078768748689191e-01,4.211951294834719306e-01,1.176071584924255120e+00
-1.312528991697715419e+00,1.189042883735580647e+00,-1.301665009274654228e+00
-1.685520268062662641e+00,-1.599374237328633042e+00,1.562891530347985114e+00
-2.058541019001876027e+00,-8.315265890614796929e-01,-9.148450638509242339e-01
-2.431532295366823249e+00,-6.367872882441533156e-02,1.949815284490602707e+00
-2.804553410189669638e+00,7.041691314126490298e-01,-5.280251184271941289e-01
2.927379965237079773e+00,1.472051436760240639e+00,2.336427612476557503e+00
2.554359032356049664e+00,-1.316365790288928528e+00,-1.413089817223516786e-01
2.181367755991102442e+00,-5.485179300518642220e-01,-2.619149225424322047e+00
1.808346641168256053e+00,2.193298242002445775e-01,2.455111229172048659e-01
1.435355364803308831e+00,9.871775784523534325e-01,-2.232225471281704454e+00
1.062364088438361609e+00,1.755025438689417738e+00,6.323310683409348876e-01
6.893431555573316105e-01,-1.033426233470278843e+00,-1.845405525857974460e+00
3.163516972505679425e-01,-2.655440341076426569e-01,1.019254822483552481e+00
-5.666905368864558895e-02,5.022692750339388112e-01,-1.458585580434244466e+00
-4.296603300535928316e-01,1.270151686366485899e+00,1.406074767907282475e+00
-8.026814448764392207e-01,-1.518299985793210682e+00,-1.071765635010514472e+00
-1.175672721241386443e+00,-7.504177864305744405e-01,1.792894713331012468e+00
-1.548723310638499218e+00,1.746462490197270637e-02,-6.850494983056719667e-01
-1.921714587003446439e+00,7.853469302495643678e-01,2.179610850035854863e+00
-2.294735701826292829e+00,1.553160239391145891e+00,-2.982295528819419173e-01
-2.667726978191240050e+00,-1.235222436562540604e+00,2.566430795459584857e+00
-3.040748093014086439e+00,-4.674091274209590807e-01,8.859055175761464118e-02
2.691214938928745859e+00,3.004731779266326397e-01,-2.389146042441294693e+00
2.318194006047715749e+00,1.068286381083258574e+00,4.755139874685791468e-01
1.945202729682768528e+00,-1.720165291076438008e+00,-2.002326097017564699e+00
1.572181796801738640e+00,-9.522828797438908088e-01,8.623339328923091962e-01
1.199190520436791196e+00,-1.844697825722202977e-01,-1.615402342874947106e+00
8.261694056139448072e-01,5.834126287603268457e-01,1.249153878316039190e+00
4.531781292489975854e-01,1.351225937901908258e+00,-1.228582397451217112e+00
8.015719636796762859e-02,-1.437087741845767930e+00,1.635870333452534853e+00
-2.928637365130623560e-01,-6.692744327041864061e-01,-8.419700694652620943e-01
-6.658550128780096333e-01,9.860797862836075123e-02,2.022793769163499178e+00
-1.038876127700856022e+00,8.664211817849867270e-01,-4.551501240415321003e-01
-1.411867404065803244e+00,1.634303487132578336e+00,2.409509905868341573e+00
-1.784888155005016852e+00,-1.154148185027118245e+00,-6.822636989891454895e-02
-2.157879795253597077e+00,-3.862657736945710463e-01,-2.545962804881997332e+00
-2.530900546192810463e+00,3.815474294620549989e-01,3.186972250278765073e-01
-2.903891822557757685e+00,1.149360632618680933e+00,-2.159246668177154937e+00
2.828041370927175446e+00,-1.639021937350049862e+00,7.054133617327189576e-01
2.455050094562228225e+00,-8.712088401783794067e-01,-1.772322914034537344e+00
2.082029161681198115e+00,-1.033264288458322494e-01,1.092337115875336551e+00
1.709008228800168228e+00,6.645559824867148802e-01,-1.385606777329694950e+00
1.335987113977321838e+00,1.432438287834306490e+00,1.479053252580178945e+00
9.629958376123745056e-01,-1.356013490310345571e+00,-9.988906406248523329e-01
5.899749047313446182e-01,-5.881310789777983716e-01,1.865769389285021562e+00
2.169836283663973131e-01,1.796821241788276458e-01,-6.119668864822347398e-01
-1.560373045146326576e-01,9.475644295264192829e-01,2.252693143427638933e+00
-5.290285808795799349e-01,1.715377738668000918e+00,-2.250431323396172301e-01
-9.020198572445271568e-01,-1.073004831300730100e+00,2.639616897570256526e+00
-1.275040972067373657e+00,-3.051917341290595886e-01,1.616728451493987528e-01
-1.648032248432320879e+00,4.626215750125218795e-01,-2.316063430617857577e+00
-2.021053363255167490e+00,1.230503986345069078e+00,5.485965992920163181e-01
-2.394074114194380876e+00,-1.557878583623661939e+00,-1.929347453128841705e+00
-2.767095229017227265e+00,-7.899963842610256970e-01,9.353127359968588239e-01
2.964867802925605034e+00,-2.218307511944421148e-02,-1.542423698986224112e+00
2.591846870044574924e+00,7.456992302281474361e-01,1.322028872701701330e+00
2.218855411737811423e+00,1.513512539369728849e+00,-1.155707403065554972e+00
1.845834660798597815e+00,-1.274870136583957425e+00,1.708952626844318923e+00
1.472843202491834091e+00,-5.070568274423760124e-01,-7.687836489229374903e-01
1.099822269610804204e+00,2.608254779052157080e-01,2.095876380986936294e+00
7.268309932458569822e-01,1.028638681061841753e+00,-3.820675122180949845e-01
3.538100603648269837e-01,-1.759743888906889264e+00,2.482592517691778689e+00
-1.918139794193672934e-02,-9.919305797653077406e-01,4.856082708696063920e-03
-3.922021488811502365e-01,-2.240483804026715542e-01,-2.472880352274386961e+00
-7.652232637039966257e-01,5.438340309298755892e-01,3.915722194135385359e-01
-1.138214540068943847e+00,1.311647340071457002e+00,-2.086164215569544123e+00
-1.511235654891790237e+00,-1.476735441867184750e+00,7.782883561183810972e-01
-1.884226931256737680e+00,-7.089221327256033378e-01,-1.699448078864701728e+00
-2.257247682195951288e+00,5.896027860694382644e-02,1.165212110260998690e+00
-2.630238958560898510e+00,8.267734817635697953e-01,-1.312524324722084135e+00
-3.003260073383744899e+00,1.594655787111161516e+00,1.552135864403616061e+00
2.728702958559087399e+00,-1.193795885048535066e+00,-9.256005705794666527e-01
2.355681843736241010e+00,-4.259134737159879225e-01,1.938852001108458678e+00
1.982690567371293788e+00,3.418997294406380671e-01,-5.388844338746241469e-01
1.609669634490263901e+00,1.109782034788229677e+00,2.325775755251076049e+00
1.236678358125316679e+00,-1.678669637371466905e+00,-1.519606797320066094e-01
8.636277687282039039e-01,-9.107874380088306632e-01,-2.629904732152864355e+00
4.906364923632566821e-01,-1.429050266762835197e-01,2.347554569728358687e-01
1.176153775404102375e-01,6.249082824652979484e-01,-2.243188595448021960e+00
-2.553757168827205382e-01,1.392790587812889669e+00,6.214715936776783467e-01
-6.283968317055670383e-01,-1.395661190331762391e+00,-1.856264841305404367e+00
-1.001388108070514260e+00,-6.277787789992153034e-01,1.008395347820295829e+00
-1.374409222893360649e+00,1.400344241574107418e-01,-1.469341087162786996e+00
-1.747400499258307871e+00,9.079167295050024622e-01,1.395111484525138446e+00
-2.120391775623255093e+00,1.675730038646583875e+00,-1.082624950457944379e+00
-2.493412890446101482e+00,-1.112652531322147142e+00,1.782035238667756039e+00
-2.866404166811048704e+00,-3.448392221805655633e-01,-6.957011963153268974e-01
2.865529390557516987e+00,4.230429771820706231e-01,2.168958992810373410e+00
2.492508275734670598e+00,1.190925388514617822e+00,-3.089850596104843916e-01
2.119487342853640932e+00,-1.597526283645078760e+00,2.555467512077441050e+00
1.746496066488693488e+00,-8.296440842824426287e-01,7.773107709435812807e-02
1.373475133607663601e+00,-6.183077514086113280e-02,-2.400005357888724600e+00
1.000483857242716379e+00,7.060515302067305043e-01,4.646548312369757072e-01
6.274627424198698789e-01,1.473864839348312028e+00,-2.013081603746107007e+00
2.544714660549226015e-01,-1.314517836605374468e+00,8.515785853795933003e-01
-1.185496487679238015e-01,-5.467045274637929442e-01,-1.626365467041264612e+00
-4.915409251328710649e-01,2.211777778837987762e-01,1.238294722084435806e+00
-8.645616760720845617e-01,9.889909810404248214e-01,-1.239441712898647019e+00
-1.237552952437031895e+00,1.756873392372972020e+00,1.625218476227053399e+00
-1.610574067259878284e+00,-1.031578279786724783e+00,-8.525179587560295369e-01
-1.983595182082724673e+00,-2.636960804240884859e-01,2.011934612931896016e+00
-2.356586458447671895e+00,5.041863309084586575e-01,-4.660094394889621183e-01
-2.729607209386885280e+00,1.271999640050040181e+00,2.398650749636738411e+00
3.002355640614130294e+00,-1.516383141888601793e+00,-7.908568534634455305e-02
2.629334707733100629e+00,-7.485698327470202695e-01,-2.556822120329427239e+00
2.256343431368152963e+00,1.931257858552690859e-02,3.078380687962730122e-01
1.883322498487123298e+00,7.871257817421529746e-01,-2.170105983624584844e+00
1.510331222122175854e+00,1.555008087089744695e+00,6.945542055011154625e-01
1.137310107299329465e+00,-1.233443585069952109e+00,-1.783182229481967251e+00
7.643188309343822429e-01,-4.655611737374048542e-01,1.081477959643733167e+00
3.912978980533522999e-01,3.022520294192211354e-01,-1.396258475339349880e+00
1.830662168840504339e-02,1.070134334766812856e+00,1.468401713786350538e+00
-3.547439677087076415e-01,-1.718248235201918162e+00,-1.009749956072282462e+00
-7.277352440736548633e-01,-9.504351380302475949e-01,1.854910233053417956e+00
-1.100756358896501252e+00,-1.825527266977004237e-01,-6.228262019296647578e-01
-1.473747635261448474e+00,5.852605824438810167e-01,2.241833987196035771e+00
-1.846768750084295085e+00,1.353142887791472848e+00,-2.359024477870472480e-01
-2.219760026449242307e+00,-1.435308890353179434e+00,2.628757741338653364e+00
-2.592780777388455693e+00,-6.674264790206322351e-01,1.508136889177952578e-01
-2.965772053753402915e+00,1.003867241359938239e-01,-2.326922746065287484e+00
2.766190796247612660e+00,8.682691354685410090e-01,5.377374430604128230e-01
2.393169863366582995e+00,1.636082338625167054e+00,-1.939998991922670113e+00
2.020178587001635773e+00,-1.152300231343563963e+00,9.246611972030304161e-01
1.647157472178789162e+00,-3.844869222019824950e-01,-1.553282855217827496e+00
1.274136539297759274e+00,3.834643793516193666e-01,1.311169716470097724e+00
9.011156064167292756e-01,1.151277688493200779e+00,-1.166566718512985101e+00
5.281243300517819428e-01,-1.637173983666495802e+00,1.698093470612715317e+00
1.551033971707519998e-01,-8.692917843038595604e-01,-7.796429643703675083e-01
-2.178880611360116959e-01,-1.014784751622780506e-01,2.085017224755333132e+00
-5.909088120752251649e-01,6.664038301853136836e-01,-3.927193694435764382e-01
-9.639004523238053901e-01,1.434217139326895207e+00,2.471733361460175527e+00
-1.336921203263018887e+00,-1.354165536626791289e+00,-6.003073522907422487e-03
-1.709912479627966109e+00,-5.863522274852098759e-01,-2.483739508505990123e+00
-2.082933594450812720e+00,1.815300778623818723e-01,3.809206806197101280e-01
-2.455924870815759942e+00,9.493432810190078897e-01,-2.096815913579199275e+00
-2.828945985638606331e+00,1.717225692351554978e+00,7.676368173245525783e-01
2.902987571729959804e+00,-1.071156877617176040e+00,-1.710307235096305334e+00
2.529996295365012582e+00,-3.032746782545397424e-01,1.154352954029395084e+00
2.156975180542166193e+00,4.645386308870417813e-01,-1.323383480953687741e+00
1.783983904177218749e+00,1.232421042219588925e+00,1.541276708172012677e+00
1.410962971296188861e+00,-1.556030841910018614e+00,-9.364598860268966707e-01
1.037971694931241640e+00,-7.882175327684372013e-01,1.927992844876855072e+00
6.649507620502116412e-01,-2.033512143589000926e-02,-5.497437493220541649e-01
2.919593037434479177e-01,7.474780817207360428e-01,2.314916599019472887e+00
-8.106162913758202526e-02,1.515360387068327652e+00,-1.628199951794366274e-01
-4.540529055025293026e-01,-1.273091285091368929e+00,-2.640556430162519508e+00
-8.270740203253756917e-01,-5.052088737588217304e-01,2.241039181790074608e-01
-1.200094771264589300e+00,2.626734315887698790e-01,-2.254047751679625566e+00
-1.573115886087435689e+00,1.030555736936361599e+00,6.106124374460748516e-01
-1.946107162452382910e+00,-1.757895935223334982e+00,-1.867123997537007973e+00
-2.319127913391596518e+00,-9.900137358606988514e-01,9.975361915886924447e-01
-2.692119553640176743e+00,-2.222004267191173554e-01,-1.480200243394390380e+00
3.039814003728389391e+00,5.456819846134297602e-01,1.384459945731310038e+00
2.666822727363442169e+00,1.313495187770055805e+00,-1.093484265905374508e+00
2.293801612540595780e+00,-1.474956590374596255e+00,1.771176082436152432e+00
1.920810336175648558e+00,-7.070741790420491668e-01,-7.065605117627568044e-01
1.547789403294618449e+00,6.073902411457689915e-02,2.158099836578770248e+00
1.174798126929671227e+00,8.286214354471240773e-01,-3.196367576201393224e-01
8.018066686229076145e-01,1.596434638603750011e+00,2.544815973283612642e+00
4.287560792257948949e-01,-1.191878829174015220e+00,6.687192086275463299e-02
5.576480286084764537e-02,-4.240655200324337515e-01,-2.410864673336154507e+00
-3.172563119619987715e-01,3.438166793302024904e-01,4.537956750053722121e-01
-6.902475883269459933e-01,1.111629988471783959e+00,-2.023940919193537358e+00
-1.063268339266159490e+00,-1.676752581496947059e+00,8.407194291479898052e-01
-1.436259615631106712e+00,-9.089394843252764922e-01,-1.637224782488694741e+00
-1.809280730453953323e+00,-1.410570729927292932e-01,1.227435565852832200e+00
-2.182272006818900323e+00,6.267561301638967519e-01,-1.250301028346077148e+00
-2.555293121641746712e+00,1.394569439305478165e+00,1.614359319995449793e+00
-2.928284398006693934e+00,-1.393813236648208331e+00,-8.633772742034595549e-01
2.803648977420055477e+00,-6.259999275066266966e-01,2.001282755706414562e+00
2.430657701055108255e+00,1.418823778409649405e-01,-4.766611374986170491e-01
2.057607111657995258e+00,9.097646831885566332e-01,2.387791593405134805e+00
1.684615653351231757e+00,1.677647094521103721e+00,-8.994500079377455715e-02
1.311594720470201869e+00,-1.110804577638592860e+00,-2.567681435776857590e+00
9.386034441052545363e-01,-3.429223782759566186e-01,2.969785941330164714e-01
5.656121677403073145e-01,4.248909308656248496e-01,-2.180757681634239997e+00
1.925912348592773160e-01,1.192773342198172104e+00,6.836950492695119674e-01
-1.804000415056699336e-01,-1.595678541931435657e+00,-1.794041544929397380e+00
-5.534211563285164059e-01,-8.277961305988884577e-01,1.070618484980476515e+00
-9.264124326934636278e-01,-5.998282145730692710e-02,-1.407117790786779787e+00
-1.299433183632677125e+00,7.078994838902847864e-01,1.457542239123094108e+00
-1.672424823881257350e+00,1.475712687046910832e+00,-1.020401654081937393e+00
-2.045445574820470735e+00,-1.312738985112785750e+00,1.844258375827936502e+00
-2.418466689643317125e+00,-5.447874715892729869e-01,-6.336855173770947758e-01
-2.791487440582530510e+00,2.230257315673529750e-01,2.230974512532779119e+00
2.940475409418485064e+00,9.909080369149446677e-01,-2.467617632344772383e-01
2.567454476537454955e+00,1.758721346056526080e+00,2.617898266675396712e+00
2.194463200172507733e+00,-1.029661435882115672e+00,1.399542142545387446e-01
1.821442085349661344e+00,-2.618481267405342594e-01,-2.337782061512717391e+00
1.448450808984714122e+00,5.060342845920129395e-01,5.268779683971562822e-01
1.075429876103684235e+00,1.273847487748638985e+00,-1.950858466585926543e+00
7.024385997387370129e-01,-1.514535188205047511e+00,9.138017225397738752e-01
3.294176668577070144e-01,-7.467218790634659875e-01,-1.563934712443308950e+00
-4.357360950724025600e-02,2.116042628412564616e-02,1.300517859244616270e+00
-4.165648858721875403e-01,7.889737354257071456e-01,-1.177218416522640032e+00
-7.896154752693002044e-01,1.556856040773298755e+00,1.687233995949458887e+00
-1.162607115517880318e+00,-1.231526529195432040e+00,-7.905022798177975263e-01
-1.535627866457093926e+00,-4.637132200538506832e-01,2.074157750092076480e+00
-1.908619142822041148e+00,3.041689793087855587e-01,-4.035785256751799333e-01
-2.281640257644887537e+00,1.071982288450367138e+00,2.460873886796918875e+00
-2.654631534009834759e+00,-1.716400281518363879e+00,-1.686238897033742398e-02
-3.027652648832681148e+00,-9.485871843466934239e-01,-2.494598823953420474e+00
2.704310565051967430e+00,-1.807047730141462250e-01,3.700612059564536427e-01
2.331289632170937320e+00,5.871085361274352987e-01,-2.107675229026629182e+00
1.958298355805990321e+00,1.354990841475026908e+00,7.567773426612961485e-01
1.585277240983143932e+00,-1.433460936669625152e+00,-1.720959092321786787e+00
1.212285964618196710e+00,-6.655785253370779531e-01,1.143701096803913630e+00
8.392353752210839346e-01,1.023037800105136841e-01,-1.334242796401117648e+00
4.662440988561366573e-01,8.701170891520951800e-01,1.530417233508756247e+00
9.322298403329025429e-02,1.637999394499686900e+00,-9.473192014743266887e-01
-2.797682923316570092e-01,-1.150452277660009681e+00,1.917133370213598642e+00
-6.527595686966042310e-01,-3.825700782973735503e-01,-5.606029055536576600e-01
-1.025780683519450731e+00,3.852432308442079179e-01,2.304057124356216235e+00
-1.398771959884397953e+00,1.153125642176755061e+00,-1.736793106268666176e-01
-1.771792710823611339e+00,-1.635326241952852477e+00,-2.651415745609949415e+00
-2.144783987188558783e+00,-8.674438306203052784e-01,2.132444435157509477e-01
-2.517805102011405172e+00,-9.963052147872383801e-02,-2.264699608905107020e+00
-2.890796378376352394e+00,6.682517838688678546e-01,5.999605802205933980e-01
2.841136815108580738e+00,1.436065093010449267e+00,-1.877775854762489427e+00
2.468115882227550628e+00,-1.352317582943237007e+00,9.866767169254359038e-01
2.095094949346520963e+00,-5.844351716106899186e-01,-1.491059718057646810e+00
1.722103672981573519e+00,1.833780315459360710e-01,1.373600471068053386e+00
1.349082740100543631e+00,9.512603368935277359e-01,-1.104343581352804415e+00
9.760914637355962986e-01,1.719073646035109260e+00,1.760316607772896003e+00
6.030703489127499095e-01,-1.069309135903532715e+00,-7.174198272101868223e-01
2.300790725478026322e-01,-3.014958267619511911e-01,2.147240361915513596e+00
-1.429418603332273385e-01,4.663865845705959523e-01,-3.304960730675692848e-01
-5.159331366981745326e-01,1.234199893712177420e+00,2.533956498620355990e+00
-8.889542515210210327e-01,-1.554182888226464332e+00,5.622006363727319322e-02
-1.261945527885968366e+00,-7.863695790848829192e-01,-2.421516371345809659e+00
-1.634936804250915587e+00,-1.848716775233580356e-02,4.431438177798907585e-01
-2.007987393648028362e+00,7.493951375952558891e-01,-2.034800234640967265e+00
-2.380978670012975584e+00,1.517208340751881934e+00,8.298599544847332643e-01
-2.753999784835821973e+00,-1.271174229216849083e+00,-1.647876480498349672e+00
2.977963247107010325e+00,-5.033609200752675594e-01,1.216576091189575770e+00
2.604942314225980216e+00,2.645212792873686269e-01,-1.261160343793507055e+00
2.231951037861032994e+00,1.032334588428950095e+00,1.603499845332193363e+00
